ENTREZID,logFC
3091,-0.538562109
3265,0.04852731
3845,-0.268451825
5594,-0.436280445
5595,-0.377567283
2353,-0.2960593
5295,0.2098582
8503,0.103880913
5290,-0.180201077
5293,-0.2205849
207,-0.3092504
10000,0.06401109
4794,0.08546512
4790,-0.270736057
3716,-0.356880283
6772,0.631518613
6774,-0.317970263
7189,-0.08305556
4772,0.171368401
116071,0.238343
1459,-0.144652279
920,-0.1807799
4215,-0.217432831
1432,-0.425453829
5530,-0.333609797
5534,-0.367816708
